author,title,date_publication,nb_tokens,src
About,LeCasDeMGuerin,1862,19140,https://gallica.bnf.fr/ark:/12148/bpt6k205439f
About,LeNezDUnNotaire,1862,26342,https://fr.wikisource.org/wiki/Le_Nez_d%E2%80%99un_notaire
About,LHommeALOreilleCassee,1862,60566,https://gallica.bnf.fr/ark:/12148/bpt6k65118490
Adam,LeConteFutur,1893,5428,https://gallica.bnf.fr/ark:/12148/bpt6k1019054
Adam,LeTrust,1910,154354,https://gallica.bnf.fr/ark:/12148/bpt6k809301
Adam,LUsineInfernale,1925,19115,https://gallica.bnf.fr/ark:/12148/bpt6k945773w
Allorge,CielContreTerre,1924,59818,https://gallica.bnf.fr/ark:/12148/bpt6k9308896
Arosa,LesMysterieusesEtudesDuProfesseurKruhl,1912,5859,https://gallica.bnf.fr/ark:/12148/bpt6k102959n/f208.image
Asselineau,LeParadisDesGensDeLettres,1861,6661,https://gallica.bnf.fr/ark:/12148/bpt6k5831534k
AugustinThierry,MarfaLePalimpseste,1887,24718,https://gallica.bnf.fr/ark:/12148/bpt6k87134w
Austruy,LEupantophone,1904,16651,https://gallica.bnf.fr/ark:/12148/bpt6k360570;https://gallica.bnf.fr/ark:/12148/bpt6k36058b
Avray,VoyageDansLaLuneAvant1900,1892,3407,https://gallica.bnf.fr/ark:/12148/bpt6k6566575c
Balleyguier,SeulSurLOcean,1895,100140,https://gallica.bnf.fr/ark:/12148/bpt6k57063618
BarilletLagargousse,LaGuerreFinaleHistoireFantastique,1885,45469,https://gallica.bnf.fr/ark:/12148/bpt6k58190712
Barthe,SimiliaSimilibusOuLaGuerreAuCanada,1916,43550,https://archive.org/details/similiasimilibus00bart/page/52/mode/2up
Beliard,TouteLaNatureDansLaMelee,1918,4832,https://gallica.bnf.fr/ark:/12148/bpt6k6548490s/f239.image
Bertal,AventuresFantastiquesDeMartialBadochet,1887,14887,https://gallica.bnf.fr/ark:/12148/bpt6k68621r
Berthoud,LeSecondSoleil,1862,10420,https://gallica.bnf.fr/ark:/12148/bpt6k202592b/f365.image
Berthoud,LHommeDepuisCinqMilleAns,1865,141268,https://gallica.bnf.fr/ark:/12148/bpt6k6517249s
Bigot,Nounlegos,1921,41363,https://archive.org/details/nounlegoslhommeq00bigo/page/n3/mode/2up
Blanchere,SousLesEaux,1879,24251,https://gallica.bnf.fr/ark:/12148/bpt6k398735.r=
Bleunard,LaBabyloneElectrique,1888,97621,https://gallica.bnf.fr/ark:/12148/bpt6k5720326h
Bleunard,LaPierrePhilosophale,1902,12804,http://livres.gloubik.info/IMG/pdf/la_pierre_philosophale.pdf
Bleunard,LeSpiriteMalgreLui,1889,18360,https://gallica.bnf.fr/ark:/12148/bpt6k5656253h
Bleunard,ToujoursPlusPetits,1893,38490,https://gallica.bnf.fr/ark:/12148/bpt6k5741548n
Boussenard,DixMilleAnsDansUnBlocDeGlace,1889,28344,https://gallica.bnf.fr/ark:/12148/bpt6k123103x/f490.image
Boussenard,LesFrancaisAuPoleNord,1892,125022,https://gallica.bnf.fr/ark:/12148/bpt6k1230765
Boussenard,LesGratteursDeCiel,1907,18130,https://gallica.bnf.fr/ark:/12148/bpt6k104590x.image.langFR.r=Journal%20des%20voyages
Boussenard,LesSecretsDeMonsieurSynthese,1888,149921,https://gallica.bnf.fr/ark:/12148/bpt6k123103x
Brat,ParisSeraTIlDetruitEn1936,1933,6297,https://gallica.bnf.fr/ark:/12148/bpt6k54213085/f2.item#
Brown,VoyageADosDeBaleineAventureDuCapitaineBobKincardy,1876,61909,https://gallica.bnf.fr/ark:/12148/bpt6k6495788z
Calvet,DansMilleAns,1883,160884,https://gallica.bnf.fr/ark:/12148/bpt6k56266495/f8.image
Capus,LHommeBicycle,1893,1980,https://gallica.bnf.fr/ark:/12148/bpt6k5814405w
Chabannes,LeRayonQuiTue,1924,792,http://archeosf.publie.net/le-rayon-qui-tue/
Chambon,CybeleVoyageExtraordinaireDansLAvenir,1891,77515,https://gallica.bnf.fr/ark:/12148/bpt6k69098x
Champsaur,HomoDeusLeSatyreInvisible,1924,103679,https://gallica.bnf.fr/ark:/12148/bpt6k37209x
Champsaur,LeDernierHomme,1885,1771,https://gallica.bnf.fr/ark:/12148/bpt6k5784086n
Champsaur,LePremierHomme,1885,1638,https://gallica.bnf.fr/ark:/12148/bpt6k5784086n
Chasseloup,LaDerniereBecasseDuBoisDeDarel,1880,3666,https://gallica.bnf.fr/ark:/12148/bpt6k33860c/f113.item
Chousy,Ignis,1883,85689,https://gallica.bnf.fr/ark:/12148/bpt6k99756j
Cros,UnDrameInterastral,1872,2116,https://gallica.bnf.fr/ark:/12148/bpt6k6268812s/f3.item.r=(prOx:%20%22charles%20cros%22%20300%20%22drame%20interastral%22)
Danrit,FinDeLIslamDevantParis,1913,128217,http://gallica.bnf.fr/services/engine/search/sru?operation=searchRetrieve&version=1.2&collapsing=disabled&query=dc.relation%20all%20%22cb320447022%22
Danrit,LeGrandPelerinageALaMecque,1913,95633,http://gallica.bnf.fr/services/engine/search/sru?operation=searchRetrieve&version=1.2&collapsing=disabled&query=dc.relation%20all%20%22cb320447022%22
Danrit,MobilisationAfricaine,1913,93375,http://gallica.bnf.fr/services/engine/search/sru?operation=searchRetrieve&version=1.2&collapsing=disabled&query=dc.relation%20all%20%22cb320447022%22
Danrit,UnDirigeableAuPoleNord,1908,61276,https://gallica.bnf.fr/ark:/12148/bpt6k875801j
Danville,InAnimaVili,1893,2155,https://gallica.bnf.fr/ark:/12148/bpt6k1051030/f43.image
Daudet,LeNapusFleauDeLAn2227,1927,65568,https://gallica.bnf.fr/ark:/12148/bpt6k812817
Daudet,LesMorticoles,1894,118383,https://gallica.bnf.fr/ark:/12148/bpt6k64582q
Daumal,LaGrandeBeuverie,1938,30603,https://gallica.bnf.fr/ark:/12148/bpt6k9629019q
Debans,LeFouDApresDemain,1899,2672,http://livres.gloubik.info/IMG/pdf/debans-le_fo61a0.pdf
Debans,LeVainqueurDeLaMort,1895,6335,http://gallica.bnf.fr/ark:/12148/cb32865908q/date
DeBoeck,LeconDonneeParMlleSophieMullerProfesseurDePsychiatrieALaCliniqueDeHambourgEnLAn2000,1890,1538,https://gallica.bnf.fr/ark:/12148/bpt6k123922q/f590.image#
DeBozes,LArbreAnthropophage,1934,1550,https://gallica.bnf.fr/ark:/12148/bpt6k9116421r/f6.item.zoom
Delines,CommentLeMondeFinira,1903,2572,https://gallica.bnf.fr/ark:/12148/bpt6k4638908z
Derennes,LePeupleDuPole,1907,51008,https://gallica.bnf.fr/ark:/12148/bpt6k317023k
Derys,LAmourAParisEn2024,1924,1932,https://gallica.bnf.fr/ark:/12148/bpt6k967066j/f15.image
Derys,LEssenceDeBaiser,1898,1140,https://gallica.bnf.fr/ark:/12148/bpt6k7527060m
Epheyre,LeMicrobeDuProfesseurBakermannRecitDesTempsFuturs,1890,7114,https://gallica.bnf.fr/ark:/12148/bpt6k2148218/f101.item
ErckmannChatrian,LAraigneeCrabe,1860,4736,https://gallica.bnf.fr/ark:/12148/bpt6k65669461/f349.image
Eyraud,VoyageAVenus,1865,53376,https://gallica.bnf.fr/ark:/12148/bpt6k5787133s
Farrere,LaMaisonDesHommesVivants,1911,42302,https://archive.org/details/lamaisondeshomme00farr
Ferry,UnRomanEn1915,1888,71952,https://gallica.bnf.fr/ark:/12148/bpt6k69080v
Flammarion,LaFinDuMonde,1894,72082,https://gallica.bnf.fr/ark:/12148/btv1b8600231s/f109.image
Flammarion,Lumen,1873,46959,https://gallica.bnf.fr/ark:/12148/bpt6k86305938
Flammarion,Uranie,1889,52343,https://gallica.bnf.fr/ark:/12148/bpt6k850873v
Fonvielle,FalempinOuLEspionAerien,1884,70001,https://gallica.bnf.fr/ark:/12148/bpt6k5659745m
Forest,OnVoleDesEnfantsAParis,1909,140715,https://gallica.bnf.fr/ark:/12148/bpt6k1489339
France,LIleDesPingouins,1908,82187,https://gallica.bnf.fr/ark:/12148/bpt6k66343r
France,MPigeonneau,1887,4565,https://gallica.bnf.fr/ark:/12148/bpt6k229516h
France,SurLaPierreBlanche,1904,50161,https://gallica.bnf.fr/ark:/12148/bpt6k101910k
Franklin,LesRuinesDeParisEn4875DocumentsOfficielsEtInedits,1875,8200,https://gallica.bnf.fr/ark:/12148/bpt6k5813428k
Gallet,LaMortDeParis,1892,2885,https://gallica.bnf.fr/ark:/12148/bpt6k35983s
Galopin,LeBacille,1927,39873,https://gallica.bnf.fr/ark:/12148/bpt6k2045425
Galopin,LeDocteurOmegaAventuresFantastiquesDeTroisFrancaisDansLaPlaneteMars,1906,50297,https://gallica.bnf.fr/ark:/12148/bpt6k5824800g
GastonPastre,LesPiratesDeLaHanse,1936,35860,https://gallica.bnf.fr/ark:/12148/bpt6k5423383r
Gautier,LeDesirePremiereTraverseeDUnBateauSousmarin,1890,6094,https://gallica.bnf.fr/ark:/12148/bpt6k57415477
Ginisty,Chronique,1893,1223,https://gallica.bnf.fr/ark:/12148/bpt6k7567029x/f1.item
Goudeau,LaRevolteDeLaMachine,1887,2572,https://gallica.bnf.fr/ark:/12148/bpt6k5437405d/f7.image
Graffigny,LaConqueteDuPole,1885,11310,https://gallica.bnf.fr/ark:/12148/bpt6k111704c
Graffigny,LesExploitsDeBarbacane,1885,8258,https://gallica.bnf.fr/ark:/12148/bpt6k111704c
Graffigny,QuatreJoursEnBallon,1885,5792,https://gallica.bnf.fr/ark:/12148/bpt6k111704c
Gros,UnVolcanDansLesGlaces,1879,68298,https://gallica.bnf.fr/ark:/12148/bpt6k61486374
Grousset,LeReveDUnIrreconciliable,1869,5314,https://gallica.bnf.fr/ark:/12148/bpt6k207919v
Haraucourt,LaFinDuMonde,1893,11755,https://gallica.bnf.fr/ark:/12148/btv1b8600231s/f109.image
Ivoi,JeanFanfare,1897,142769,https://gallica.bnf.fr/ark:/12148/bpt6k5773946n
Ivoi,LeCorsaireTriplex,1898,141486,https://gallica.bnf.fr/ark:/12148/bpt6k11747460
Ivoi,LeDocteurMystere,1900,136507,https://gallica.bnf.fr/ark:/12148/bpt6k61575637?rk=21459;2
Ivoi,LesCinqSousDeLavarede,1894,144292,https://gallica.bnf.fr/ark:/12148/bpt6k5489234f
Jacqueline,ScenesDeLaVieFuture,1935,1838,https://gallica.bnf.fr/ark:/12148/bpt6k54203758/f69.item
Jarry,GestesEtOpinionsDuDocteurFaustroll,1911,61037,https://gallica.bnf.fr/ark:/12148/bpt6k113964m
Jarry,LeSurmale,1902,29811,https://gallica.bnf.fr/ark:/12148/bpt6k1139650
JehinPrume,LesAventuresExtraordinairesDeDeuxCanayens,1918,39444,https://archive.org/stream/cihm_81621#page/n5/mode/2up
Kolney,LAmourDansCinqMilleAns,1905,67458,https://gallica.bnf.fr/ark:/12148/bpt6k618119
Kystemaeckers,AeropolisRomanComiqueDeLaVieAerienne,1909,35644,https://gallica.bnf.fr/ark:/12148/bpt6k9763361t
Lamothe,LeCapAuxOurs,1878,117404,https://gallica.bnf.fr/ark:/12148/bpt6k5828920t/f7.image.r=bl%C3%A9riot+manche.langFR
Laurie,Atlantis,1895,69585,https://gallica.bnf.fr/ark:/12148/bpt6k57138279
Laurie,LesExilesDeLaTerre,1888,119573,https://gallica.bnf.fr/ark:/12148/bpt6k5750912c
Leblanc,LeFormidableEvenement,1920,55631,https://gallica.bnf.fr/ark:/12148/bpt6k80796d
Leblanc,LIleAuxTrenteCercueils,1919,92768,https://fr.wikisource.org/wiki/L%E2%80%99%C3%8Ele_aux_trente_cercueils
LeCoeur,RetourDesAutresMondes,1936,928,https://gallica.bnf.fr/ark:/12148/bpt6k795058q/f4.item
LeDrimeur,LaCiteFuture,1890,110737,https://gallica.bnf.fr/ark:/12148/bpt6k69043n
LeFaure,DansLaPeauDUnSinge,1925,73291,http://www.bouquineux.com/index.php?telecharger=2220&Le_Faure-Dans_la_peau_d_un_singe
LeFaure,LaLune,1889,120301,https://frama.link/GutenbergAventuresEx
LeFaure,LeDesertSideral,1896,105658,http://www.gutenberg.org/ebooks/24924
LeFaure,LeSoleilEtLesPetitesPlanetes,1889,123682,https://www.ebooksgratuits.com/html/le_faure_aventures_extraordinaires_savant_russe_2
LeFaure,LesPlanetesGeantesEtLesCometes,1891,88777,https://lc.cx/WXdS
Leo,LaCommuneDeMalenpisConte,1874,22551,https://gallica.bnf.fr/ark:/12148/bpt6k5452687z
Lermina,ABrulerHistoiresIncroyables,1888,23754,https://gallica.bnf.fr/ark:/12148/bpt6k61724c
Lermina,CourseVol,1888,2461,https://gallica.bnf.fr/ark:/12148/bpt6k91275h/f254.image
Lermina,LaBatailleDeStrasbourg,1895,41224,https://gallica.bnf.fr/ark:/12148/bpt6k64067f
Lermina,LaComtoise,1888,1834,https://gallica.bnf.fr/ark:/12148/bpt6k91275h/f58.image
Lermina,LaMagicienne,1892,10908,https://gallica.bnf.fr/ark:/12148/bpt6k62842t
Lermina,LaVieHumaine,1890,21838,https://gallica.bnf.fr/ark:/12148/bpt6k62842t
Lermina,LElixirDeVieConteMagique,1890,13254,https://gallica.bnf.fr/ark:/12148/bpt6k61649f
Lermina,LeSecretDesZippelius,1892,26602,https://gallica.bnf.fr/ark:/12148/bpt6k62842t
Lermina,LeToutPourLeTout,1888,26876,https://gallica.bnf.fr/ark:/12148/bpt6k91275h/f66.image
Lermina,Titane,1888,3949,https://gallica.bnf.fr/ark:/12148/bpt6k91275h/f224.image
LeRomancierMasque,LEsclaveDeFer,1935,35736,https://gallica.bnf.fr/ark:/12148/bpt6k5421156j
Leroux,LaMachineAAssassiner,1923,67283,https://beq.ebooksgratuits.com/auteurs/Leroux/Leroux-machine-xpdf.pdf
Leroux,LaPoupeeSanglante,1923,114737,https://gallica.bnf.fr/ark:/12148/bpt6k810078
Level,LaCiteDesVoleurs,1923,59520,https://gallica.bnf.fr/ark:/12148/bpt6k14131458
Level,On,1908,5720,https://gallica.bnf.fr/ark:/12148/bpt6k102983d
Lionnet,LesDerniersDecadents,1894,1166,https://gallica.bnf.fr/ark:/12148/bpt6k9742564w
LIsleAdam,LEveFuture,1886,98053,https://fr.wikisource.org/wiki/L%E2%80%99%C3%88ve_future/Texte_entier
Luirais,LesMonstresDeLAtlantide,1924,1211,https://gallica.bnf.fr/ark:/12148/bpt6k9115956c
MacOrlan,LesPlaisirsDeLaCampagne,1912,839,https://gallica.bnf.fr/ark:/12148/bpt6k5775624n
Mael,UneFrancaiseAuPoleNord,1893,70330,https://gallica.bnf.fr/ark:/12148/bpt6k5698198g
Mainard,PlusHautPlusGrandLeChicago,1892,45823,https://gallica.bnf.fr/ark:/12148/bpt6k5803606d
Maisonneuve,1893MoeursDeDemain,1882,71913,https://gallica.bnf.fr/ark:/12148/bpt6k6556784r
Marx,LAmourEnMilleAnsDIci,1889,9170,https://gallica.bnf.fr/ark:/12148/bpt6k5850013x/f6.item
Masson,UtopieDesIlesBienheureusesDansLePacifiqueEnLAn1980,1921,39573,https://gallica.bnf.fr/ark:/12148/bpt6k101797c
Matthis,PiqueTotoLaPaixEtLaGuerre,1888,19421,https://gallica.bnf.fr/ark:/12148/bpt6k5652144z
Meaulle,LeRobinsonDesAirs,1889,42992,https://gallica.bnf.fr/ark:/12148/bpt6k5804552m
Melandri,LesHommesLuisants,1882,1082,https://gallica.bnf.fr/ark:/12148/bpt6k1055132d/f2.item
Mendes,AuVingtEtUniemeSiecle,1884,477,https://archive.org/details/pourlireaubain00mend
Meric,LeCrimeDesVieux,1927,77316,https://gallica.bnf.fr/ark:/12148/bpt6k202990t
Mille,DansTroisCentsAns,1922,5395,http://archeosf.publie.net/trois-cents-ans-pierre-mille-partie-1/
Mille,HistoireFuturiste,1919,1308,https://gallica.bnf.fr/ark:/12148/bpt6k7601640r/f2.image
Minhar,AuSoleilDeLAvenir,1897,1903,https://gallica.bnf.fr/ark:/12148/bpt6k1051590/f89.item
Minhar,PagesQuietesLesJoiesFutures,1894,1419,https://gallica.bnf.fr/ark:/12148/bpt6k105104c/f9.item
Montegut,AutrePlanete,1899,1920,https://gallica.bnf.fr/ark:/12148/bpt6k7622639z
Moselli,LaPrisonDeGlace,1919,76800,https://www.ebooksgratuits.com/html/moselli_la_prison_de_glace.html
Mouton,LHistorioscope,1882,9098,https://gallica.bnf.fr/ark:/12148/bpt6k6572098p
Mullem,LaPhilanthropophagie,1890,3619,https://gallica.bnf.fr/ark:/12148/bpt6k68711q/f237.image
Mullem,LeProgresSupremeContePsychopathique,1894,7194,https://gallica.bnf.fr/ark:/12148/bpt6k1083145/f308.item
Mullem,LExpressTimes,1890,1659,https://gallica.bnf.fr/ark:/12148/bpt6k68711q/f255.image
Neulif,LUthopieContemporaineNotesDeVoyage,1886,79638,https://gallica.bnf.fr/ark:/12148/bpt6k101867n.#
Nube,LeLampalagua,1928,1653,https://gallica.bnf.fr/ark:/12148/bpt6k9116126s/f3.item#
OMonroy,LeConstatElectrique,1891,1573,https://gallica.bnf.fr/ark:/12148/bpt6k659315
Oudot,LaGrandeEpreuve,1912,1088,https://gallica.bnf.fr/ark:/12148/bpt6k46304755
Paquin,LaCiteDansLesFers,1926,57206,https://archive.org/stream/lacitedanslesfer00paqu#page/n0/mode/2up
Parville,UnHabitantDeLaPlaneteMars,1865,42774,https://gallica.bnf.fr/ark:/12148/bpt6k82263j
Patrice,AuPoleEnBallonVoyage,1885,92474,https://gallica.bnf.fr/ark:/12148/bpt6k8631033k
Pawlowski,LaFailliteDeLaScience,1899,468,https://gallica.bnf.fr/ark:/12148/bpt6k7622562v/f1.item
Pawlowski,UnVisionnaire,1908,1287,https://gallica.bnf.fr/ark:/12148/bpt6k76460729/f1.item
Pellerin,LeMondeDansDeuxMilleAns,1878,67369,https://gallica.bnf.fr/ark:/12148/bpt6k83212w
Pericard,EtesVousMacaisteHistoireMartienne,1920,936,https://gallica.bnf.fr/ark:/12148/bpt6k573218h/f2.image
Peslouan,LEtrangeMenaceDuProfesseurIouchkoff,1931,15812,https://gallica.bnf.fr/ark:/12148/bpt6k5868717r/f113.image
Petithuguenin,UneMissionInternationalDansLaLune,1926,33611,https://gallica.bnf.fr/ark:/12148/bpt6k9402237
Pig,LaFemmeArtificielle,1887,19521,https://gallica.bnf.fr/ark:/12148/bpt6k68630q
Polane,LaFinDuMonde,1913,1142,http://archeosf.publie.net/la-fin-du-monde-jean-de-polane/
Prat,VoyagesEtAventuresDAlmanarre,1876,81754,https://gallica.bnf.fr/ark:/12148/bpt6k5829015q
Price,LaMineDOrInfernale,1920,72343,https://gallica.bnf.fr/ark:/12148/bpt6k54750169
Price,LesChasseursDEpaves,1898,92713,https://gallica.bnf.fr/ark:/12148/bpt6k57731108/f10.image.r=
Price,LesHuitCentsDoublonsDeSpringfield,1895,14661,https://gallica.bnf.fr/ark:/12148/bpt6k57425961
Price,LesTroisDisparusDuSirius,1896,57850,https://gallica.bnf.fr/ark:/12148/bpt6k5600660s
Quirielle,LesVoleursDeCerveaux,1920,45496,https://gallica.bnf.fr/ark:/12148/bpt6k65484931
Rameau,InTheWorld,1930,1628,https://gallica.bnf.fr/ark:/12148/bpt6k76296342
Rameau,LaVieElectrique,1887,958,https://gallica.bnf.fr/ark:/12148/bpt6k81047h
Rameau,MoeursFutures,1887,850,https://gallica.bnf.fr/ark:/12148/bpt6k81047h
Rameau,UnEmpoisonnementAuXXIeSiecle,1887,1098,https://gallica.bnf.fr/ark:/12148/bpt6k81047h
Renard,Avenir,1927,972,https://gallica.bnf.fr/ark:/12148/bpt6k5758521/f4.item
Renard,LaMerveilleuseEnigme,1928,1151,https://gallica.bnf.fr/ark:/12148/bpt6k576103s/f4.item
Renard,LAn2000,1938,1065,https://gallica.bnf.fr/ark:/12148/bpt6k5859084/f8.item
Renard,LesMainsDOrlac,1920,78860,https://www.ebooksgratuits.com/html/renard_mains_d_orlac.html
Revoil,LArbreAnthropophageSouvenirsDeMadagascar,1878,2306,https://gallica.bnf.fr/ark:/12148/bpt6k1045576/f129.image.r=
Richepin,LaCiteDesGemmes,1896,1953,https://gallica.bnf.fr/ark:/12148/bpt6k113364r
Richepin,LAileRomanDesTempsNouveaux,1911,93749,https://gallica.bnf.fr/ark:/12148/bpt6k54529803
Richepin,LaRitournelle,1891,1317,https://gallica.bnf.fr/ark:/12148/bpt6k7527842f/f1.item
Richepin,LeDernierInventeur,1889,1466,https://gallica.bnf.fr/ark:/12148/bpt6k7538311r/f1.image
Richepin,LeNouvelExplosif,1900,1480,https://gallica.bnf.fr/ark:/12148/bpt6k113364r
Richepin,LePerroquet,1896,1870,https://gallica.bnf.fr/ark:/12148/bpt6k113364r/f4.image#
Richepin,UnLegs,1899,1700,https://gallica.bnf.fr/ark:/12148/bpt6k113364r/f4.image
Richepin,VieuxNeuf,1899,1296,https://gallica.bnf.fr/ark:/12148/bpt6k80661g/f216.image
Robida,JadisChezAujourdhui,1892,10131,http://archeosf.publie.net/tag/jadis-chez-aujourdhui/
Robida,LAutomobilismeEn1950,1908,866,https://gallica.bnf.fr/ark:/12148/bpt6k57753503/f12.image
Robida,LeVingtiemeSiecle,1883,111293,https://gallica.bnf.fr/ark:/12148/bpt6k6557894s
Rod,LAutopsieDuDocteurZ,1884,8220,https://ebooks-bnr.com/rod-edouard-lautopsie-du-docteur-z/
Roger,AventuresExtraordinairesDeTrinitusVoyageSousLesFlotsRedigeDApresLeJournalDeBordDeLEclair,1868,44358,https://gallica.bnf.fr/ark:/12148/bpt6k56866099
Rosny,LaContreeProdigieuseDesCavernes,1896,8321,https://gallica.bnf.fr/ark:/12148/bpt6k104052r
Rosny,LaForceMysterieuse,1913,39354,https://fr.wikisource.org/wiki/La_Force_myst%C3%A9rieuse
Rosny,LaMortDeLaTerre,1910,23992,"https://fr.wikisource.org/wiki/Livre:Rosny_a%C3%AEn%C3%A9_-_La_Mort_de_la_Terre_-_Contes,_Plon,_1912.djvu"
Rosny,LesXipehuz,1887,9585,https://fr.wikisource.org/wiki/Les_Xipéhuz/Édition_Albert_Savine_1888
Rosny,Nymphee,1893,11168,https://gallica.bnf.fr/ark:/12148/bpt6k370755/f25.item
Rosny,Tornadres,1888,4325,https://gallica.bnf.fr/ark:/12148/bpt6k16491v/f186.item
Rosny,UnAutreMonde,1895,10859,https://gallica.bnf.fr/ark:/12148/bpt6k207976s/f3.item
Roulier,LaGrandeDecouverteDuSavantIsobard,1938,1823,https://ebooks-bnr.com/rod-edouard-lautopsie-du-docteur-z/
Rouzade,VoyageDeTheodoseALIleDUtopie,1872,34377,https://gallica.bnf.fr/ark:/12148/bpt6k832090
Royet,ADeuxDoigtsDeLaFinDuMonde,1928,49727,https://gallica.bnf.fr/ark:/12148/bpt6k147888b
Schwob,LaMachineAParler,1891,1486,https://gallica.bnf.fr/ark:/12148/bpt6k1045574v/f195.image#
Semant,LeDernierRaidDeNellySanderson,1906,104981,https://gallica.bnf.fr/ark:/12148/bpt6k1412802m
Silvestre,LAntiposterite,1887,1562,https://gallica.bnf.fr/ark:/12148/bpt6k62300h/f73.image
Silvestre,LeLunium,1888,1248,https://gallica.bnf.fr/ark:/12148/bpt6k62300h/f7.item
Silvestre,LeSecretDuDocteur,1880,1772,https://gallica.bnf.fr/ark:/12148/bpt6k7519104p/f1.item
Silvestre,LeStigmate,1887,2037,https://gallica.bnf.fr/ark:/12148/bpt6k622994/f77.image
Silvestre,Mamillana,1888,1638,https://gallica.bnf.fr/ark:/12148/bpt6k7522709x/f1.item
Soudan,ATatons,1881,2669,https://gallica.bnf.fr/ark:/12148/bpt6k4062638/f226.image
Soudan,LaCometeLaLuneEtLaTerre,1884,1353,https://gallica.bnf.fr/ark:/12148/bpt6k4062638/f212.item
Soudan,ProphetiesElectriques,1884,2418,https://gallica.bnf.fr/ark:/12148/bpt6k4062638/f196.image
Tarde,FragmentDHistoireFuture,1896,22440,https://gallica.bnf.fr/ark:/12148/bpt6k83200w
Tarde,LesGeantsChauves,1871,7034,https://gallica.bnf.fr/ark:/12148/bpt6k2148265/f614.image#
Toudouze,LesSousMarinsFantomes,1921,56159,https://archive.org/details/lessousmarinsfan00touduoft
Uzanne,DansCentAns,1900,507,https://gallica.bnf.fr/ark:/12148/bpt6k5852467g/f11.item
Uzanne,LaFinDesLivres,1895,5458,https://gallica.bnf.fr/ark:/12148/bpt6k123180j/f140.image
Valona,ConfreresEnnemis,1896,17954,https://gallica.bnf.fr/ark:/12148/bpt6k116376p/f23.item
Vautel,LaVieEnNoir,1919,2133,https://gallica.bnf.fr/ark:/12148/bpt6k102972p/f351.image
Vautel,LeFeminismeEn1958,1918,2838,https://gallica.bnf.fr/ark:/12148/bpt6k1029690/f503.item.r=%22le%20f%C3%A9minisme%20en%201958%22
Verne,AutourDeLaLune,1870,59126,https://gallica.bnf.fr/ark:/12148/bpt6k9612400j
Verne,AuXXIXeSiecleLaJourneeDUnJournalisteAmericainEn2889,1889,5796,https://fr.wikisource.org/wiki/Au_XXIXe_siècle
Verne,CinqSemainesEnBallon,1863,84960,https://gallica.bnf.fr/ark:/12148/bpt6k6572136x
Verne,ClaudiusBombarnac,1892,79668,https://gallica.bnf.fr/ark:/12148/bpt6k6578040b
Verne,FaceAuDrapeau,1892,64183,https://gallica.bnf.fr/ark:/12148/bpt6k58048213
Verne,LaChasseAuMeteore,1908,135524,https://gallica.bnf.fr/ark:/12148/bpt6k6517517v
Verne,LaFantaisieDuDocteurOx,1872,20302,http://beq.ebooksgratuits.com/vents/Verne-ox.pdf
Verne,LaMaisonAVapeur,1880,125593,https://gallica.bnf.fr/ark:/12148/bpt6k80267f/f3.image
Verne,LesCinqCentsMillionsDeLaBegum,1879,54911,https://gallica.bnf.fr/ark:/12148/bpt6k57861144
Verne,LeSphinxDesGlaces,1897,126247,https://gallica.bnf.fr/ark:/12148/bpt6k58069672
Verne,LIleAHelice,1895,123053,https://gallica.bnf.fr/ark:/12148/bpt6k6133811r
Verne,LInvasionDeLaMer,1905,63905,https://gallica.bnf.fr/ark:/12148/bpt6k96076223
Verne,MaitreDuMonde,1904,52800,https://gallica.bnf.fr/ark:/12148/bpt6k6568676r
Verne,ParisAuXXeSiecle,1863,48789,https://archive.org/details/parisauxxesiecle0000vern/page/10/mode/2up
Verne,RoburLeConquerant,1886,62864,http://fr.wikisource.org/wiki/Robur_le_conqu%C3%A9rant/Texte_entier
Verne,SansDessusDessous,1889,51445,https://gallica.bnf.fr/ark:/12148/bpt6k6514209b
Verne,UnExpressDeLAvenir,1888,1615,https://gallica.bnf.fr/ark:/12148/bpt6k2724577/f2.item
Verne,VingtMilleLieuesSousLesMers,1869,149934,https://gallica.bnf.fr/ark:/12148/btv1b8600258f
Verne,VoyageAuCentreDeLaTerre,1864,71909,https://gallica.bnf.fr/ark:/12148/bpt6k1340157
Verne,VoyagesEtAventuresDuCapitaineHatteras,1867,141668,https://gallica.bnf.fr/ark:/12148/bpt6k5691624q
Veron,EncoreLaFinDuMonde,1888,946,https://gallica.bnf.fr/ark:/12148/bpt6k5727601w/f10.image
Veron,LeDelugeAParis,1861,1502,https://gallica.bnf.fr/ark:/12148/bpt6k2412800/f3.image
Veron,LeJournalDuDernierRobinson,1861,1680,https://gallica.bnf.fr/ark:/12148/bpt6k2412800
Veron,LeRaccommodeurDeCervelles,1888,2479,https://gallica.bnf.fr/ark:/12148/bpt6k68903n/f42.image
Veron,MonsieurPersonne,1864,27094,https://gallica.bnf.fr/ark:/12148/bpt6k6447990z
Veron,UnePredictionPhotographique,1861,1276,https://gallica.bnf.fr/ark:/12148/bpt6k64264622/f241.image
Vombal,LImmortel,1908,6201,http://merveilleuxscientifiqueunblogfr.unblog.fr/2011/10/17/les-introuvables-limmortel-de-regis-vombal-1ere-partie/;http://merveilleuxscientifiqueunblogfr.unblog.fr/2011/10/20/limmortel-de-regis-vombal-deuxieme-partie/
Willy,LInvention,1895,783,https://gallica.bnf.fr/ark:/12148/bpt6k75143287/f1.item
Zola,Travail,1900,211452,https://gallica.bnf.fr/ark:/12148/bpt6k80521z
